{
    "id": "polls",
    "name": "Polls",
    "description": "Easy to use poll system",
    "keywords": ["poll", "voting", "decision making"],
    "version": "0.9.19",
    "humhub": {
        "minVersion": "1.3"
    },
    "homepage": "https://github.com/humhub/humhub-modules-polls",
    "authors": [
        {
            "name": "Andreas Strobel"
        },
        {
            "name": "Lucas Bartholemy"
        },
        {
            "name": "Julian Harrer"
        }
    ],
    "screenshots": [
        "assets/screen1.PNG", 
        "assets/screen2.PNG", 
        "assets/screen3.PNG",
        "assets/screen4.PNG"
    ]
}